Customer ID,First Name,Last Name,Customer Age,Customer Location,Shipping_Address,Billing_Address,Account_Age_Days
100,Emily,Johnson,17,Amandaborough,Unit 8934 Box 0058 DPO AA 05437,Unit 8934 Box 0058 DPO AA 05437,30
101,Benjamin,Smith,40,East Timothy,"634 May Keys Port Cherylview, NV 75063","634 May Keys Port Cherylview, NV 75063",72
102,Olivia,Williams,22,Davismouth,"16282 Dana Falls Suite 790 Rothhaven, IL 15564","16282 Dana Falls Suite 790 Rothhaven, IL 15564",63
103,Ethan,Brown,31,Lynnberg,"828 Strong Loaf Apt. 646 New Joshua, UT 84798","828 Strong Loaf Apt. 646 New Joshua, UT 84798",124
104,Ava,Jones,51,South Nicole,"29799 Jason Hills Apt. 439 West Richardtown, OH 36093","29799 Jason Hills Apt. 439 West Richardtown, OH 36093",158
105,Jacob,Davis,34,Herreramouth,"5699 Brittany Villages Suite 903 Lake Tim, MD 46274","120 Kristi Dale Port Meganshire, GU 03060",38
106,Mia,Taylor,14,Ramosfort,"727 Gibson Islands Apt. 279 New Davidbury, ME 43104","727 Gibson Islands Apt. 279 New Davidbury, ME 43104",119
107,William,Miller,42,Port Emily,"3914 Davis Union Brownchester, IN 07744","3914 Davis Union Brownchester, IN 07744",251
108,Sophia,Wilson,38,Carneyfurt,"47893 Maldonado Stream Suite 443 Brownshire, MO 48487","47893 Maldonado Stream Suite 443 Brownshire, MO 48487",190
109,Alexander,Anderson,39,Brockburgh,"2334 Briana Centers Suite 576 Archershire, NM 45210","2334 Briana Centers Suite 576 Archershire, NM 45210",343
110,Charlotte,Martinez,20,Craneport,Unit 7360 Box 5180 DPO AP 84328,"55423 Henry Haven Wesleychester, WI 59138",285
111,Michael,Taylor,35,West Michael,"3684 Morris Inlet Suite 155 Chandlerville, NJ 01086","3684 Morris Inlet Suite 155 Chandlerville, NJ 01086",259
112,Isabella,Jackson,45,Melindafurt,"4197 Lewis Way Mariachester, NC 04968","075 Monroe Court Davismouth, WA 67522",307
113,Matthew,White,27,Deniseburgh,"298 Taylor Canyon South Megan, GA 73219","298 Taylor Canyon South Megan, GA 73219",200
114,Harper,Harris,51,Danielmouth,"32232 Omar Glens Kleintown, OK 77994","32232 Omar Glens Kleintown, OK 77994",22
115,James,Thompson,54,Lamburgh,Unit 4478 Box 3826 DPO AA 96936,Unit 4478 Box 3826 DPO AA 96936,60
116,Amelia,Thomas,20,West Melissashire,"1117 Braun Courts Suite 910 West Johnmouth, WV 07413","1117 Braun Courts Suite 910 West Johnmouth, WV 07413",238
117,Daniel,Lee,41,Port Rebecca,"1228 Torres Squares Suite 099 Cookville, ID 69547","1228 Torres Squares Suite 099 Cookville, ID 69547",264
118,Evelyn,Garcia,30,East Jonathan,"12872 Kevin Creek Thompsonburgh, KY 81553","12872 Kevin Creek Thompsonburgh, KY 81553",159
119,Christopher,Martin,29,Muellerstad,"3496 Jason Ports New Amanda, MD 97636","3496 Jason Ports New Amanda, MD 97636",143
120,Abigail,Perez,35,Lake Elizabeth,"635 Danielle Parks Suite 501 Hilltown, WY 74884","635 Danielle Parks Suite 501 Hilltown, WY 74884",315
121,Joseph,Robinson,33,Jennifershire,"5430 Lee Dale Rogersburgh, ID 45469","5430 Lee Dale Rogersburgh, ID 45469",150
122,David,Hall,35,Port Christopher,"5146 Desiree Ridge Steeleburgh, MH 56289","5146 Desiree Ridge Steeleburgh, MH 56289",20
123,Scarlett,Allen,49,Maloneshire,"3469 Coleman Station Suite 668 North David, PR 00714","3469 Coleman Station Suite 668 North David, PR 00714",316
124,John,Young,18,North Jacobmouth,"768 Amanda Plain Suite 208 Taylorland, RI 13951","7045 Jones Bridge Apt. 061 Fosterview, MH 75919",214
125,Madison,Clark,45,Murrayton,"5137 Rebecca Rest New Nicolefort, NE 46498","5137 Rebecca Rest New Nicolefort, NE 46498",189
126,Andrew,King,48,Popefort,"0720 Holmes Garden South Kristinmouth, GU 63261","0720 Holmes Garden South Kristinmouth, GU 63261",364
127,Grace,Rodriguez,49,Barronview,"838 Ross Square Thompsonfurt, WI 01015","838 Ross Square Thompsonfurt, WI 01015",223
128,Joshua,Scott,30,Jasonberg,"501 Calderon Underpass New Glennhaven, SC 76007","501 Calderon Underpass New Glennhaven, SC 76007",79
129,Chloe,Walker,13,West Amy,"37175 Christopher Locks Lake Janice, PW 37512","37175 Christopher Locks Lake Janice, PW 37512",39
130,Samuel,Wright,27,Ramoston,"0554 Stephen Radial New Courtneyport, TN 97226","0554 Stephen Radial New Courtneyport, TN 97226",177
131,Zoey,Hill,46,West Richardbury,"935 Aaron Corners North Cindy, PR 64380","935 Aaron Corners North Cindy, PR 64380",238
132,Ryan,Green,32,Lake Jimmyfurt,"68408 Vanessa Passage Sydneyhaven, IN 94142","68408 Vanessa Passage Sydneyhaven, IN 94142",147
133,Victoria,Baker,32,Robbinsport,"642 Moss Wall Suite 362 Port Toddstad, VT 92434","642 Moss Wall Suite 362 Port Toddstad, VT 92434",334
134,Nathan,Adams,45,Morenostad,"509 James Well Suite 617 Dianehaven, MD 54931","509 James Well Suite 617 Dianehaven, MD 54931",148
135,Natalie,Rivera,22,West Kevin,"1832 Greer Trail West Alvin, UT 76928","1832 Greer Trail West Alvin, UT 76928",213
136,Jack,Nelson,33,Lake Robertchester,"213 Rivera Stravenue Suite 074 North Eric, NC 40652","213 Rivera Stravenue Suite 074 North Eric, NC 40652",139
137,Aria,Campbell,38,Howardborough,"6499 Lee Flat Apt. 243 Amandachester, HI 39213","78577 Dylan Throughway Tinamouth, IN 74602",198
138,Luke,Carter,45,Brookeborough,"PSC 8417, Box 4835 APO AA 35537","PSC 8417, Box 4835 APO AA 35537",273
139,Lillian,Mitchell,48,West Kevin,"35727 Perez Landing Suite 952 Millerport, MN 69406","35727 Perez Landing Suite 952 Millerport, MN 69406",173
140,Owen,Perez,37,Medinafort,"624 Schultz Spurs Apt. 863 Alyssaborough, OH 97005","624 Schultz Spurs Apt. 863 Alyssaborough, OH 97005",80
141,Elizabeth,Baker,52,Kylestad,"86656 Douglas Mill Jamesside, NE 50055","86656 Douglas Mill Jamesside, NE 50055",298
142,Gabriel,Edwards,43,West Jamieland,"5829 Zachary Drive Hayleyville, NM 74902","0943 Christopher Haven West Robinville, OK 27287",119
143,Addison,Moore,46,South Tara,"77434 Freeman Harbors West Davidside, PR 39864","77434 Freeman Harbors West Davidside, PR 39864",190
144,Dylan,Stewart,17,North Joshua,"4917 Richard Spurs Suite 086 West Deniseton, AL 25897","4917 Richard Spurs Suite 086 West Deniseton, AL 25897",348
145,Brooklyn,Bailey,22,Port Shaneberg,"45344 Mary Hollow South Ronaldstad, CT 86106","45344 Mary Hollow South Ronaldstad, CT 86106",349
146,Isaac,Sanchez,39,West Caitlinmouth,"8105 Amber Flats Christopherville, RI 31760","8105 Amber Flats Christopherville, RI 31760",7
147,Layla,Murphy,24,Williamside,"1518 Pineda Manors Apt. 954 Port Frank, MI 70838","1518 Pineda Manors Apt. 954 Port Frank, MI 70838",119
148,Henry,Reed,36,Reyesberg,Unit 5336 Box 4045 DPO AP 14921,Unit 5336 Box 4045 DPO AP 14921,233
149,Leah,Price,31,East Erikland,"17260 Knight Groves South Jeffreyborough, MH 86571","17260 Knight Groves South Jeffreyborough, MH 86571",262
150,Julian,Phillips,39,West Carolinetown,"19110 Kaitlin Walk Suite 904 Reginatown, WI 20757","19110 Kaitlin Walk Suite 904 Reginatown, WI 20757",85
151,Carter,Cook,27,Hernandezview,"3451 Alison Harbor East Christopher, IN 86018","3451 Alison Harbor East Christopher, IN 86018",234
152,Hannah,Turner,48,South Michelle,"5271 Russell Turnpike New Andrew, AL 33616","5271 Russell Turnpike New Andrew, AL 33616",1
153,Wyatt,Ross,17,Deanside,"29693 Meyers Row West Rachel, DE 88900","29693 Meyers Row West Rachel, DE 88900",167
154,Riley,Rivera,58,Richshire,"747 Green Manors Suite 571 Allenbury, LA 16389","747 Green Manors Suite 571 Allenbury, LA 16389",103
155,Levi,Morgan,16,East Ashley,"0283 Booker Row Suite 784 Johnton, MO 52366","0283 Booker Row Suite 784 Johnton, MO 52366",132
156,Stella,Cooper,39,Larryfurt,"47712 Samantha Shoals Benjaminport, OK 65946","47712 Samantha Shoals Benjaminport, OK 65946",44
157,Sebastian,Morris,46,Lake Jamieshire,"9316 Nicholas Circle Apt. 423 Johnmouth, FL 38524","9316 Nicholas Circle Apt. 423 Johnmouth, FL 38524",272
158,Gabriella,Ward,32,Port Danielville,"3047 Stevenson Crossing Lake Rebecca, AL 45523","3047 Stevenson Crossing Lake Rebecca, AL 45523",11
159,Zachary,Hayes,21,Port Adamhaven,"571 Michael Knoll East Brittanymouth, GA 89270","571 Michael Knoll East Brittanymouth, GA 89270",321
160,Aurora,James,40,Castillomouth,"6107 Yolanda Views Suite 461 South Charleshaven, KS 44297","6107 Yolanda Views Suite 461 South Charleshaven, KS 44297",242
161,Caleb,Ortiz,26,Richardsonborough,"8513 Delgado Common Apt. 910 Vegaton, OR 24946","8513 Delgado Common Apt. 910 Vegaton, OR 24946",219
162,Audrey,Evans,27,New Jacksonton,"66360 Thomas Unions Suite 424 Harrisside, MS 72347","48098 Dana Views Melissashire, MI 62140",347
163,Dominic,Collins,55,East Mark,"913 Peter Hollow North Danielfurt, MT 46944","8677 Elizabeth Loaf Apt. 057 North Meganborough, UT 76447",60
164,Claire,Martinez,25,West Eric,"84087 Christy Union Apt. 506 Robertview, DC 54635","84087 Christy Union Apt. 506 Robertview, DC 54635",96
165,Owen,Howard,22,South Kathyville,"8275 Dixon Key Apt. 239 Krausemouth, FM 53747","8275 Dixon Key Apt. 239 Krausemouth, FM 53747",228
166,Paisley,Coleman,20,Kaylaport,"71687 Paul Creek Willieton, WY 79033","71687 Paul Creek Willieton, WY 79033",133
167,Lincoln,Richardson,35,North Jennifershire,"970 Jimenez Extension Suite 145 East Christine, OK 49916","970 Jimenez Extension Suite 145 East Christine, OK 49916",194
168,Ellie,Turner,36,South Austinbury,"5762 Joseph Corners South Michealside, NY 98468","5762 Joseph Corners South Michealside, NY 98468",65
169,Colton,Gomez,40,Lake Martinland,"4058 Jay Row Lake Marystad, FM 84464","4058 Jay Row Lake Marystad, FM 84464",145
170,Maya,Powell,37,North Veronicaport,"8509 Johnson Views Suite 661 Gonzalesside, AZ 18262","8509 Johnson Views Suite 661 Gonzalesside, AZ 18262",118
171,Jordan,Henderson,23,New Jacob,"4884 Regina Summit Suite 286 Bellville, AS 92024","4884 Regina Summit Suite 286 Bellville, AS 92024",260
172,Serenity,Perez,42,West Jacob,"91474 Charlene Loop North Jenniferchester, OK 59758","91474 Charlene Loop North Jenniferchester, OK 59758",287
173,Aaliyah,Hughes,36,Joshuaview,"80612 Sweeney Run New Jacob, CA 86710","80612 Sweeney Run New Jacob, CA 86710",146
174,Grayson,Washington,23,Thomasmouth,Unit 6143 Box 6613 DPO AA 99913,Unit 6143 Box 6613 DPO AA 99913,90
175,Bella,Carter,35,Ruizbury,"PSC 1259, Box 6497 APO AE 33211","PSC 1259, Box 6497 APO AE 33211",253
176,Isaiah,Ramirez,28,Danielfurt,"268 Rebecca Ramp Apt. 368 Lake Jennifer, NJ 39483","268 Rebecca Ramp Apt. 368 Lake Jennifer, NJ 39483",9
177,Skylar,Foster,27,South Dakotaville,"908 Kristina Landing Whiteberg, MT 33226","908 Kristina Landing Whiteberg, MT 33226",220
178,Josiah,Butler,39,Hurstmouth,USNS Pena FPO AP 48401,USNS Pena FPO AP 48401,223
179,Naomi,Simmons,40,New Johnport,"95424 Williams Squares Suite 337 North Shane, LA 26248","95424 Williams Squares Suite 337 North Shane, LA 26248",41
180,Carson,Perry,34,Carrollstad,"4125 Howell Island South Tinastad, WV 20374","4125 Howell Island South Tinastad, WV 20374",87
181,Savannah,Barnes,31,Richardstad,"1249 Dunn Pine Suite 229 Johnsonhaven, IA 57393","1249 Dunn Pine Suite 229 Johnsonhaven, IA 57393",7
182,Adam,Ross,43,East Kellyport,"295 Reid Flats North Robertborough, AR 77883","295 Reid Flats North Robertborough, AR 77883",74
183,Penelope,Sanders,33,East Kimberly,"52383 Miller Groves Suite 815 East Deborah, GU 13511","52383 Miller Groves Suite 815 East Deborah, GU 13511",246
184,Jaxon,Bennett,34,New Mary,"4813 Wells Union North Markstad, ME 72198","4813 Wells Union North Markstad, ME 72198",135
185,Violet,Foster,37,Christopherland,"471 Mary Courts Apt. 872 Maryhaven, KS 16126","471 Mary Courts Apt. 872 Maryhaven, KS 16126",30
186,Clara,Coleman,32,Marymouth,"68763 Bryant Points Suite 057 Guzmanfort, ME 02932","139 Lopez Neck Carterview, DE 85571",131
187,Christian,Torres,43,Paynefurt,Unit 5864 Box 9572 DPO AE 69746,Unit 5864 Box 9572 DPO AE 69746,53
188,Nolan,Coleman,40,Clinemouth,"290 Holmes Islands Suite 243 West Brettshire, NE 71544","290 Holmes Islands Suite 243 West Brettshire, NE 71544",273
189,Ariana,Gonzalez,41,Scottport,Unit 3223 Box 8462 DPO AP 10207,Unit 3223 Box 8462 DPO AP 10207,24
190,Eli,Russell,20,Jacquelineberg,"56031 Mark Plaza Suite 621 Derrickburgh, WA 99181","56031 Mark Plaza Suite 621 Derrickburgh, WA 99181",255
191,Elena,Bailey,32,Bryantville,"18843 Frances Parkways North Ashleymouth, NJ 58533","18843 Frances Parkways North Ashleymouth, NJ 58533",360
192,Aaron,Bryant,30,North Rhondaside,"325 Daniel Mall Suite 344 New Alexanderport, PW 32053","325 Daniel Mall Suite 344 New Alexanderport, PW 32053",12
193,Taylor,James,30,New Julialand,"2947 Tim Glens Apt. 283 Edwardsport, TN 82116","21098 Alexandra Island Port Eric, MA 49423",163
194,Kingston,Reed,32,North Brendaside,USS Edwards FPO AE 54165,USS Edwards FPO AE 54165,268
195,Ellie,Watson,60,Jenniferfort,"88362 Ashley Stravenue Suite 719 New Joshuafort, NE 71297","88362 Ashley Stravenue Suite 719 New Joshuafort, NE 71297",134
196,Miles,Wood,50,Copelandbury,"3158 Jones Fork Apt. 588 Lake Meghan, PR 84090","3158 Jones Fork Apt. 588 Lake Meghan, PR 84090",189
197,Alexis,Cruz,29,Ortizchester,"47911 Samuel Tunnel North Alexanderfort, NV 42210","47911 Samuel Tunnel North Alexanderfort, NV 42210",9
198,Eliana,Collins,55,East William,"PSC 4829, Box 3520 APO AA 10992","PSC 4829, Box 3520 APO AA 10992",310
199,Jasmine,Perry,23,Mooreville,"3225 Tyler Plaza Suite 526 Lake Wendyville, GA 42254","3225 Tyler Plaza Suite 526 Lake Wendyville, GA 42254",132
200,Cameron,Mitchell,35,Port Adrian,"56004 Jennifer Vista Suite 572 West Jimtown, TN 91037","56004 Jennifer Vista Suite 572 West Jimtown, TN 91037",59
201,Trinity,Henderson,31,North Jason,"491 Ortiz Neck Suite 181 South Adamfort, OH 15024","491 Ortiz Neck Suite 181 South Adamfort, OH 15024",294
202,Jonathan,Wright,52,New Karen,"157 Ferguson Village Suite 687 Petersonville, PW 44589","157 Ferguson Village Suite 687 Petersonville, PW 44589",131
203,Morgan,Henderson,40,Burgessfurt,"62944 Kimberly Via Lake Aaronville, NJ 96521","62944 Kimberly Via Lake Aaronville, NJ 96521",178
204,Adrian,Torres,52,Reyesmouth,"453 Osborne Inlet Suite 725 New Eric, VA 23995","453 Osborne Inlet Suite 725 New Eric, VA 23995",241
205,Gabrielle,Carter,45,Haysshire,USS Santos FPO AE 63670,USS Santos FPO AE 63670,177
206,Clara,Foster,20,Lisastad,"407 House Plaza Suite 446 Christensenchester, GU 88878","407 House Plaza Suite 446 Christensenchester, GU 88878",93
207,Nicolas,Turner,37,South Rachel,"7305 Richard Well New Paulside, LA 16969","7305 Richard Well New Paulside, LA 16969",95
208,Eva,Sanders,29,Port Omar,"3660 Li Hill East Michael, CO 59451","3660 Li Hill East Michael, CO 59451",114
209,Parker,Washington,29,Port Jenniferside,Unit 4419 Box 3063 DPO AA 60526,Unit 4419 Box 3063 DPO AA 60526,243
210,Blake,Coleman,36,East Aaron,"736 Vance Crescent Suite 029 Julieport, VI 25523","736 Vance Crescent Suite 029 Julieport, VI 25523",45
211,Autumn,Wood,41,North Angela,"06201 Drake Rest Suite 805 East Shellyton, MP 99333","06201 Drake Rest Suite 805 East Shellyton, MP 99333",257
212,Mackenzie,Martinez,42,Arnoldbury,"60087 Grant Lakes Stevenshire, PR 65598","60087 Grant Lakes Stevenshire, PR 65598",67
213,Nicole,Gonzalez,38,East David,"057 Watson Gateway Suite 801 Wolffort, VA 50849","057 Watson Gateway Suite 801 Wolffort, VA 50849",45
214,Jordan,Johnson,63,Manuelland,"309 James Cliff Tannerchester, ID 72690","309 James Cliff Tannerchester, ID 72690",315
215,Isabelle,Bell,41,Port Krystal,"479 Smith Glens Suite 589 New Caitlyn, NV 65328","479 Smith Glens Suite 589 New Caitlyn, NV 65328",185
216,Alex,Washington,35,Lake Sarah,"0602 Connie Tunnel Suite 736 Ronaldtown, MP 82362","0602 Connie Tunnel Suite 736 Ronaldtown, MP 82362",124
217,Sophie,Ramirez,39,Evelynhaven,"79356 Robbins Views Suite 480 Port Jacobburgh, KY 15050","79356 Robbins Views Suite 480 Port Jacobburgh, KY 15050",354
218,Lincoln,Hayes,20,West Timothyport,"6940 Williams Club Suite 787 Willieborough, NY 69159","6940 Williams Club Suite 787 Willieborough, NY 69159",176
219,Kayla,Rodriguez,41,New Allison,"78767 Williams Ridge Suite 138 Johnbury, VT 99714","78767 Williams Ridge Suite 138 Johnbury, VT 99714",286
220,Julian,Phillips,38,Jeffersonhaven,"69672 Sierra Common Suite 503 Davidport, NM 08446","69672 Sierra Common Suite 503 Davidport, NM 08446",181
221,Layla,Cooper,19,New Williamtown,"68947 Vickie Pike North Jeffreyburgh, NM 05578","68947 Vickie Pike North Jeffreyburgh, NM 05578",92
222,Dominic,Scott,33,Martinland,"858 Miguel Pine North Samanthaside, VA 05243","1520 Cynthia Oval South Michaelberg, WY 87622",264
223,Brooklyn,Bennett,55,Leeland,"375 Navarro Turnpike Suite 514 Hugheston, AR 82026","375 Navarro Turnpike Suite 514 Hugheston, AR 82026",219
224,Leo,Thompson,42,South Davidstad,"93661 Steele Alley Johnsonport, RI 73078","93661 Steele Alley Johnsonport, RI 73078",186
225,Peyton,Rivera,42,Michaelchester,"6264 Jeremy Place Suite 232 North Monique, MD 27187","6264 Jeremy Place Suite 232 North Monique, MD 27187",287
226,Maxwell,Harris,36,West Roger,"5190 Megan Trail Apt. 518 Wilsonport, IA 68716","5190 Megan Trail Apt. 518 Wilsonport, IA 68716",205
227,Lucy,Evans,62,Amychester,"8989 Melinda Expressway North Amanda, MS 57298","8989 Melinda Expressway North Amanda, MS 57298",182
228,Timothy,Nelson,32,Lake Alejandrohaven,Unit 6732 Box 9211 DPO AP 12253,Unit 6732 Box 9211 DPO AP 12253,170
229,Leah,Martinez,25,Troyside,"PSC 6088, Box 3822 APO AE 04760","PSC 6088, Box 3822 APO AE 04760",90
230,Austin,Garcia,46,Mccarthytown,"2733 Sean Wells Suite 326 Johnsonfort, AR 50117","2733 Sean Wells Suite 326 Johnsonfort, AR 50117",60
231,Morgan,Adams,48,Tannerbury,"640 Martin Forks Christianburgh, NJ 96994","640 Martin Forks Christianburgh, NJ 96994",331
232,Brianna,Flores,31,Amybury,"699 Barbara Estate East Dalemouth, NY 90448","699 Barbara Estate East Dalemouth, NY 90448",242
233,Tyler,Hill,53,Tonymouth,Unit 9715 Box 9771 DPO AE 66439,Unit 9715 Box 9771 DPO AE 66439,337
234,Sydney,Mitchell,38,North Diane,"1380 Roberts Canyon Apt. 629 Steventon, MN 13690","1380 Roberts Canyon Apt. 629 Steventon, MN 13690",313
235,Leo,Torres,30,Melindaview,"85714 Stephen Dale Stephenstad, WY 65653","85714 Stephen Dale Stephenstad, WY 65653",21
236,Peyton,Ramirez,30,West Ashley,"10650 Cody Springs Douglasside, GU 69316","10650 Cody Springs Douglasside, GU 69316",18
237,Destiny,Jackson,44,Acostatown,"033 Molina Lock Berryfurt, VA 66458","033 Molina Lock Berryfurt, VA 66458",240
238,Luis,Wright,29,Martinezfurt,"96014 Alvarado Corner Apt. 232 South Anna, MA 72997","96014 Alvarado Corner Apt. 232 South Anna, MA 72997",22
239,Zoey,Green,36,Georgebury,"061 Elaine Motorway Apt. 070 West Theodore, NY 94791","061 Elaine Motorway Apt. 070 West Theodore, NY 94791",267
240,Damian,King,41,Morganhaven,"0131 Watson Meadows Apt. 588 Williamsberg, MT 35757","0131 Watson Meadows Apt. 588 Williamsberg, MT 35757",10
241,Naomi,Coleman,37,Lake Jill,"26958 Smith Terrace North Carrieton, ND 23222","26958 Smith Terrace North Carrieton, ND 23222",185
242,Jonathan,Perez,43,Thomasmouth,"5705 Johnson Shoal Mercedestown, MD 80532","PSC 1092, Box 0373 APO AE 35669",290
243,Lily,Rodriguez,39,Katieburgh,"826 Juan Point South Robertview, OR 53728","826 Juan Point South Robertview, OR 53728",148
244,Caleb,Diaz,19,Patelhaven,"3085 Johnson Gardens New Tiffanyville, FL 76844","3085 Johnson Gardens New Tiffanyville, FL 76844",183
245,Mariah,Butler,28,Port Cristina,"860 Johnson Plains Apt. 409 Josephfort, NE 12134","860 Johnson Plains Apt. 409 Josephfort, NE 12134",152
246,Cole,Clark,24,Alexanderside,"323 Jerry Overpass Apt. 176 East Michael, CT 31496","323 Jerry Overpass Apt. 176 East Michael, CT 31496",81
247,Trinity,Taylor,34,South Kevin,"44092 Gregory Spurs Apt. 583 Cynthiaside, HI 35946","44092 Gregory Spurs Apt. 583 Cynthiaside, HI 35946",224
248,Isaiah,Wright,39,Lake Angelaborough,USNS Day FPO AA 35647,USNS Day FPO AA 35647,38
249,Savannah,Carter,39,North Kevin,"45848 Brooks Spur Taylorview, TN 30780","45848 Brooks Spur Taylorview, TN 30780",252
250,Zachary,Powell,48,Williamsmouth,"174 Alan Spur Kathleenfurt, GA 52953","174 Alan Spur Kathleenfurt, GA 52953",103
251,Grace,Moore,21,Veronicaburgh,"340 Camacho Skyway East Alanbury, WY 93801","340 Camacho Skyway East Alanbury, WY 93801",52
252,Aidan,Richardson,26,Richardton,"466 Stephanie Cliffs Suite 875 Port Mariastad, MS 24729","41943 Ray Squares Apt. 071 South Gregory, LA 77789",69
253,Jasmine,Bell,53,Johnmouth,"538 Joseph Harbor New Victoriamouth, VI 37497","538 Joseph Harbor New Victoriamouth, VI 37497",185
254,Elijah,Brown,47,Jensenfurt,"10006 Amy Forest West Catherine, OR 89514","10006 Amy Forest West Catherine, OR 89514",298
255,Lila,Thompson,28,Port Anthonytown,"44214 Dunn Dale South Elizabeth, MS 85600","44214 Dunn Dale South Elizabeth, MS 85600",159
256,Adam,Baker,51,Amandaville,"5459 Michael Route Salazarview, FL 94864","5459 Michael Route Salazarview, FL 94864",294
257,Destiny,Martinez,38,Melissaland,"137 Timothy Village Apt. 888 West Colleen, VI 77704","137 Timothy Village Apt. 888 West Colleen, VI 77704",262
258,Cole,Foster,31,East Alan,"38513 Cheryl Motorway Apt. 890 Johnland, WA 67181","1597 Grant Walk Suite 553 West Michelle, MO 70500",103
259,Alyssa,Collins,23,Lopezfort,"1359 Palmer Hill West Nathan, ME 13802","1359 Palmer Hill West Nathan, ME 13802",41
260,Jordan,Hayes,42,East Jamesberg,"916 Jeffrey Path Greenberg, TN 96097","765 Wallace Branch Apt. 365 Port Tara, NY 25824",256
261,Mia,Adams,41,Chapmanview,"8755 Pamela Views Sellersview, ME 08820","8755 Pamela Views Sellersview, ME 08820",307
262,Gabriel,Garcia,14,West Angelaborough,"4817 Steven Wall South Jeremy, IL 60716","4817 Steven Wall South Jeremy, IL 60716",89
263,Audrey,Thomas,19,Port Kyle,"051 Nathaniel Route Woodview, WY 29277","051 Nathaniel Route Woodview, WY 29277",313
264,Brian,Martinez,35,Mercadoton,"75532 Kimberly Corner Kevintown, SD 52607","5731 Phillips Extensions Amberborough, GU 53953",179
265,Trinity,Hernandez,20,West Thomas,"08965 Alexandra Spring Gilbertfort, MS 30770","08965 Alexandra Spring Gilbertfort, MS 30770",331
266,Connor,Turner,45,Erinville,"58255 Harris Fort Port Dawnmouth, MO 30344","58255 Harris Fort Port Dawnmouth, MO 30344",268
267,Kaylee,Parker,28,West James,Unit 2651 Box 9391 DPO AP 00847,Unit 2651 Box 9391 DPO AP 00847,27
268,Jaden,Wright,28,South Sarahville,"81956 Harold Freeway Apt. 068 Cookmouth, DE 16982","81956 Harold Freeway Apt. 068 Cookmouth, DE 16982",207
269,Faith,Smith,44,Port Aliciamouth,"94388 Anderson Islands Thompsonport, AL 68886","94388 Anderson Islands Thompsonport, AL 68886",108
270,Jason,Nelson,32,Port Teresaport,"1017 Stout Parkway Suite 245 Norrismouth, OK 05588","1017 Stout Parkway Suite 245 Norrismouth, OK 05588",303
271,Nevaeh,Perez,47,Lake Jamiefort,"580 Amanda Cape Heathertown, CT 02472","580 Amanda Cape Heathertown, CT 02472",149
272,Elijah,Scott,30,East Amanda,"7315 Cohen Ports Suite 105 Brittanyfurt, IL 40277","7315 Cohen Ports Suite 105 Brittanyfurt, IL 40277",73
273,Madison,Roberts,48,Nicolemouth,"0345 Natalie Branch Jacobberg, NC 36725","0345 Natalie Branch Jacobberg, NC 36725",188
274,Josiah,Allen,44,Forbeston,"6309 Jones Causeway Apt. 028 Thomasside, CA 24514","6309 Jones Causeway Apt. 028 Thomasside, CA 24514",191
275,Allison,Bailey,30,New Bobby,"7899 Washington Key Apt. 134 Brianview, PR 39574","7899 Washington Key Apt. 134 Brianview, PR 39574",270
276,Isaac,Harris,38,Garrettton,"448 Buchanan Common Campbellmouth, FM 77101","448 Buchanan Common Campbellmouth, FM 77101",85
277,Scarlett,Campbell,35,West Christopher,"0329 Hodges Terrace East Robert, MN 21445","138 Hunt Mountain Johnview, IN 99703",330
278,Colton,Butler,35,South Christopher,"66374 Robert Drive Port Philip, MN 73264","66374 Robert Drive Port Philip, MN 73264",285
279,Penelope,Barnes,35,Port Jessica,"PSC 6779, Box 5299 APO AA 40059","PSC 6779, Box 5299 APO AA 40059",49
280,Damian,Collins,34,Pateltown,"44130 Paul Unions Suite 003 Lake Michaelview, PW 28700","44130 Paul Unions Suite 003 Lake Michaelview, PW 28700",286
281,Maya,Reed,36,Crawfordchester,"812 Allen Points Baileytown, ME 89549","812 Allen Points Baileytown, ME 89549",231
282,Cameron,Lee,36,Michaelberg,"43926 Amber Views Suite 377 Obrienmouth, ME 73959","43926 Amber Views Suite 377 Obrienmouth, ME 73959",282
283,Alana,Sanchez,42,East Johnton,"73665 Sara Squares Suite 982 Lyonsstad, PR 70299","0830 Jacob Cliffs East Justin, NH 65472",186
284,Hudson,Murphy,36,South Gregorytown,Unit 8016 Box 0413 DPO AE 61580,USNS Johnston FPO AP 39945,286
285,Vanessa,Mitchell,31,Morrisfort,"46435 Christopher Fords Barberchester, HI 17174","46435 Christopher Fords Barberchester, HI 17174",195
286,Mason,Taylor,34,Lake Alex,"00574 Byrd Knolls Port Brookeborough, NC 49574","00574 Byrd Knolls Port Brookeborough, NC 49574",106
287,Serenity,Carter,45,Justinburgh,"9948 Morales Meadow Apt. 459 Greenmouth, TX 52643","9948 Morales Meadow Apt. 459 Greenmouth, TX 52643",169
288,Grayson,Ward,36,Lake Jenniferview,"87919 Reed Island Apt. 554 Michelefort, MO 70940","64080 Lee Forest Apt. 482 Port Lisashire, MN 38216",328
289,Brooke,Adams,30,Nixonburgh,"032 Shannon Path Suite 998 Christopherborough, AL 15233","032 Shannon Path Suite 998 Christopherborough, AL 15233",135
290,Tristan,Jackson,22,Lake Mitchell,"83120 Duncan Crest West Zacharymouth, IN 60698","83120 Duncan Crest West Zacharymouth, IN 60698",27
291,Bailey,Foster,32,Stricklandview,USS Ramirez FPO AE 75810,"42574 Katherine Ferry Apt. 656 South Jamieport, GU 12040",9
292,Ashton,Bennett,27,Lindastad,"66022 Anderson Fort Suite 348 South Susantown, WI 27951","66022 Anderson Fort Suite 348 South Susantown, WI 27951",77
293,Bella,Turner,23,Donaldmouth,"02965 Mack Point Apt. 134 Corteztown, GU 57729","82011 Debra Drives Apt. 676 Charlesville, TX 28547",209
294,Lucas,Wright,67,North Sarahtown,USNV Werner FPO AE 86793,USNV Werner FPO AE 86793,152
295,Paige,Hernandez,29,West Ryanfort,"7870 Lopez Key Apt. 449 Jamesborough, NJ 67621","7870 Lopez Key Apt. 449 Jamesborough, NJ 67621",222
296,Aiden,Phillips,21,New Katherine,"669 Patrick Squares Suite 395 North Timothy, MT 35819","669 Patrick Squares Suite 395 North Timothy, MT 35819",106
297,Layla,Thompson,34,East Maria,"94399 Todd Alley Suite 620 West Rhondatown, IL 38839","61463 Joseph Keys Suite 352 East Keith, MP 71163",152
298,Cooper,Sanchez,47,East Michaelshire,"8236 Brianna Lake North Randy, OK 43377","8236 Brianna Lake North Randy, OK 43377",7
299,Kylie,Lewis,27,North Christophertown,"7874 Stacey Extension Anaside, OH 05358","7874 Stacey Extension Anaside, OH 05358",170
300,Micah,Gonzalez,46,West Jennifer,"99943 Mark Crossing Suite 253 Costamouth, GU 76561","99943 Mark Crossing Suite 253 Costamouth, GU 76561",55
301,Selena,King,45,South Robert,"334 Brown Crossing West Sara, HI 89114","908 Bryan Prairie Suite 903 Michaeltown, MS 87260",13
302,Jaxon,Mitchell,31,Lake Bobfort,"2041 Frye Islands West Nicholas, NC 92400","2041 Frye Islands West Nicholas, NC 92400",202
303,Arianna,Parker,30,Weavertown,"716 Blankenship Tunnel Suite 664 West Robertfort, DE 64732","716 Blankenship Tunnel Suite 664 West Robertfort, DE 64732",288
304,Dominic,Coleman,20,New Edward,"413 Christopher Villages Clarkhaven, KY 99510","413 Christopher Villages Clarkhaven, KY 99510",327
305,Kylie,Morgan,36,West Michaelmouth,"2731 Paige Row Barnettton, HI 55050","2731 Paige Row Barnettton, HI 55050",270
306,Evan,Carter,14,Johntown,"330 Jamie Lock Apt. 340 Lake Kellytown, NE 87796","330 Jamie Lock Apt. 340 Lake Kellytown, NE 87796",250
307,Zoey,Washington,39,Richardstown,"66511 Mendoza Way North Alejandroview, OK 39711","66511 Mendoza Way North Alejandroview, OK 39711",345
308,Brayden,Taylor,36,West Jessicahaven,"6555 Jessica Forest Apt. 276 New Keithstad, IA 94713","6555 Jessica Forest Apt. 276 New Keithstad, IA 94713",143
309,Savannah,Adams,29,South Susanville,"116 Daugherty Crescent Suite 812 Amberport, MN 76227","116 Daugherty Crescent Suite 812 Amberport, MN 76227",54
310,Ryder,Jackson,39,Troytown,"93800 Clark Road Sandovalshire, NM 03531","93800 Clark Road Sandovalshire, NM 03531",77
311,Addison,Stewart,34,Velazquezmouth,"PSC 2621, Box 4038 APO AE 97668","PSC 2621, Box 4038 APO AE 97668",307
312,Jocelyn,Flores,28,North Mark,"8094 Nicholas Gardens Suite 696 Colemanmouth, MP 28986","8094 Nicholas Gardens Suite 696 Colemanmouth, MP 28986",95
313,Jayden,Perez,29,Port Joseph,USNS Robinson FPO AP 15514,USNS Robinson FPO AP 15514,225
314,Gabriella,Turner,41,Mikaylahaven,"5456 Tucker Locks Greermouth, WV 49382","5456 Tucker Locks Greermouth, WV 49382",37
315,Giovanni,Roberts,49,Torresmouth,"85008 Bradshaw Route Suite 700 North Dawn, CA 14114","85008 Bradshaw Route Suite 700 North Dawn, CA 14114",233
316,Lily,Hernandez,34,Lopezfort,"8756 Carter Lodge Markburgh, AL 01186","8756 Carter Lodge Markburgh, AL 01186",183
317,Kyle,Martinez,32,Jillmouth,Unit 1680 Box 8045 DPO AE 07084,Unit 1680 Box 8045 DPO AE 07084,22
318,Adeline,Johnson,25,Robinside,"346 Pamela Lakes Suite 150 Taylorberg, PA 98399","346 Pamela Lakes Suite 150 Taylorberg, PA 98399",127
319,Jackson,Foster,32,New April,"4774 Miller Route Shanehaven, CA 96523","4774 Miller Route Shanehaven, CA 96523",71
320,Lily,Adams,25,Travisbury,"086 Smith Summit Lake Kathleenstad, LA 89212","086 Smith Summit Lake Kathleenstad, LA 89212",365
321,Blake,Richardson,50,Barnesfort,"34191 Smith Summit Suite 488 Port Kimberlyton, MP 22499","34191 Smith Summit Suite 488 Port Kimberlyton, MP 22499",218
322,Angelica,Ramirez,29,Hendersontown,"1982 Kyle Plaza Apt. 492 Port Brendamouth, UT 64044","1982 Kyle Plaza Apt. 492 Port Brendamouth, UT 64044",219
323,Carson,Thompson,50,Lake David,"3743 Paula Knoll Apt. 229 East Erin, DE 15229","3743 Paula Knoll Apt. 229 East Erin, DE 15229",341
324,Trinity,Rodriguez,29,North Jeffery,"825 Adams Parks Youngburgh, WV 30461","595 Jenny Vista Brettchester, MS 02328",47
325,Connor,Scott,29,North Christopher,"76148 Schultz Heights Suite 121 Lawrenceview, MP 46382","76148 Schultz Heights Suite 121 Lawrenceview, MP 46382",14
326,Ariel,Turner,27,New Julie,"68186 Kim Walks Suite 528 Bradleyshire, MP 84894","68186 Kim Walks Suite 528 Bradleyshire, MP 84894",343
327,Derek,Parker,55,West Joshuaburgh,"448 Thomas Prairie Suite 197 Lake Brianhaven, AL 66363","448 Thomas Prairie Suite 197 Lake Brianhaven, AL 66363",206
328,Sierra,Bell,35,Dixonshire,"41858 Solomon Rapids Williamsfort, MO 09064","41858 Solomon Rapids Williamsfort, MO 09064",323
329,Jason,Phillips,34,South Jenniferport,"842 Tracy Loop Apt. 777 Charlesburgh, RI 54929","842 Tracy Loop Apt. 777 Charlesburgh, RI 54929",219
330,Taylor,Butler,18,Brendahaven,"PSC 4654, Box 5927 APO AE 45995","PSC 4654, Box 5927 APO AE 45995",123
331,Jordan,Washington,38,Lake Judithchester,"52816 Rogers Mountains Wattsmouth, ME 92010","52816 Rogers Mountains Wattsmouth, ME 92010",191
332,Mia,Carter,30,North Brian,"6552 Romero Path Suite 529 Gonzalezport, WY 80490","6552 Romero Path Suite 529 Gonzalezport, WY 80490",77
333,Logan,Smith,30,South Christina,"1550 Jenkins Shore South Davidland, ND 46080","1550 Jenkins Shore South Davidland, ND 46080",141
334,Ariana,Brown,31,East Mikemouth,"67217 Jones Meadows Apt. 468 Lake Michaelmouth, MP 97376","67217 Jones Meadows Apt. 468 Lake Michaelmouth, MP 97376",312
335,Mason,Hayes,44,Lisafurt,"432 Burgess Valleys Thompsonbury, MD 74749","432 Burgess Valleys Thompsonbury, MD 74749",102
336,Isabel,Gomez,32,Thomasborough,"758 Harris Meadow North Victoriaville, AR 87460","758 Harris Meadow North Victoriaville, AR 87460",40
337,Dominic,Evans,36,Port Cheryl,"96644 Zachary Pass Apt. 259 Adambury, ME 92309","96644 Zachary Pass Apt. 259 Adambury, ME 92309",70
338,Hailey,Turner,23,New Jacob,"0737 Mary Meadow West Nathan, CT 65609","0737 Mary Meadow West Nathan, CT 65609",160
339,Dylan,Perez,33,North Adamside,"669 Pamela Extension Mcknightberg, CO 17377","157 Janice Causeway Apt. 968 East Jennifer, VT 60900",210
340,Taylor,Campbell,29,Port Juan,"3270 Brown Lodge Port Patrickshire, SC 20556","3270 Brown Lodge Port Patrickshire, SC 20556",192
341,Tristan,Flores,41,New Joel,"523 David Dale Yoderside, VA 06609","523 David Dale Yoderside, VA 06609",52
342,Jade,Martinez,40,East Harry,"444 Shea Estates New Kirkland, NJ 48648","444 Shea Estates New Kirkland, NJ 48648",277
343,Cole,Washington,47,South Cynthia,"03448 Frazier Pike Suite 006 Carrhaven, AZ 21642","993 Joshua Island Apt. 235 New Travisfurt, OK 09687",140
344,Adriana,Sanchez,34,South Jessicatown,"89671 Jennifer Lodge Suite 656 Nelsonview, WA 67586","89671 Jennifer Lodge Suite 656 Nelsonview, WA 67586",302
345,Brandon,Harris,30,Stephensfurt,"1174 Monique Ways Latashashire, KY 71209","2949 Smith Station Mooreshire, NY 06403",213
346,Serenity,Rodriguez,40,Geraldmouth,"95388 Robert Rue Apt. 240 Millerton, MS 22399","95388 Robert Rue Apt. 240 Millerton, MS 22399",86
347,Owen,Parker,37,Kathleenbury,"7363 Gloria Manors Apt. 090 Ericfort, VA 20319","7363 Gloria Manors Apt. 090 Ericfort, VA 20319",309
348,Savannah,Bell,36,Reeveshaven,"19794 Loretta Route Suite 675 Robinsonland, PR 31713","19794 Loretta Route Suite 675 Robinsonland, PR 31713",34
349,Justin,Turner,23,Jamesstad,"74442 Steven Harbors New Davidton, TX 78875","74442 Steven Harbors New Davidton, TX 78875",136
350,Peyton,Hernandez,27,Katherinechester,"5629 Benjamin Stravenue Lopezland, DE 66781","5629 Benjamin Stravenue Lopezland, DE 66781",109
351,Zachary,Collins,28,Port Melody,"2395 Kim Loop Apt. 673 Frenchburgh, NC 16231","2395 Kim Loop Apt. 673 Frenchburgh, NC 16231",299
352,Faith,Thompson,35,Taylorfort,"5264 Anthony Crossroad Nicholsonshire, WY 43867","5264 Anthony Crossroad Nicholsonshire, WY 43867",13
353,Gabriel,Lee,43,Christianhaven,"06110 Nicole Expressway Mayoview, RI 77970","06110 Nicole Expressway Mayoview, RI 77970",292
354,Naomi,Carter,24,Karenmouth,"151 Pratt Ports Apt. 990 Tammyport, PA 69035","151 Pratt Ports Apt. 990 Tammyport, PA 69035",263
355,Aiden,Scott,36,Brownview,"23633 Erik Shore Keithmouth, MS 90491","23633 Erik Shore Keithmouth, MS 90491",26
356,Bella,Ramirez,32,Collinschester,"765 Judith Courts Suite 762 Lake Leeberg, AL 97918","765 Judith Courts Suite 762 Lake Leeberg, AL 97918",129
357,Carter,Butler,51,Walkermouth,"574 Jeffrey Square Apt. 428 Diazstad, WV 57078","574 Jeffrey Square Apt. 428 Diazstad, WV 57078",104
358,Elena,Smith,37,South Kyle,Unit 9110 Box 7361 DPO AE 73727,Unit 9110 Box 7361 DPO AE 73727,225
359,Noah,Wright,31,Davidberg,"084 Alicia Grove Baxtermouth, OR 54615","084 Alicia Grove Baxtermouth, OR 54615",44
360,Amelia,Turner,26,Joanneport,"756 Philip Mountain Randallshire, DE 99368","756 Philip Mountain Randallshire, DE 99368",303
361,Kaleb,Gonzalez,30,Lake Stephen,USNS Higgins FPO AA 56792,USNS Higgins FPO AA 56792,266
362,Sophia,Foster,32,Kaylashire,"7630 Jeff Shores Williamsmouth, DC 43912","7630 Jeff Shores Williamsmouth, DC 43912",4
363,Ezra,Martinez,48,Raymondfurt,"067 Tucker Hills Apt. 827 East Angelahaven, MT 91674","067 Tucker Hills Apt. 827 East Angelahaven, MT 91674",3
364,Ava,Johnson,46,South Valerie,"2501 Perry Ranch Suite 589 East Karenton, AK 57590","2501 Perry Ranch Suite 589 East Karenton, AK 57590",152
365,Brody,Taylor,53,Franklinchester,"19388 Maldonado Field Suite 733 Michaelview, AS 05907","19388 Maldonado Field Suite 733 Michaelview, AS 05907",117
366,Scarlett,Adams,14,Martinberg,"PSC 3458, Box 9958 APO AE 12079","064 Pineda Ville Harrellport, AR 35454",325
367,Cody,Hernandez,40,North Lori,"525 Robinson Rue Michaelshire, IN 20955","0703 Le Oval Suite 738 North Kaylee, PA 40958",107
368,Gianna,Parker,39,Donaldshire,"5387 Christine Trail Suite 063 North Stephen, HI 98966","5387 Christine Trail Suite 063 North Stephen, HI 98966",200
369,Logan,Miller,32,Lake Theresaborough,"829 Charles Point Apt. 046 Patrickhaven, OR 72922","829 Charles Point Apt. 046 Patrickhaven, OR 72922",222
370,Liliana,Harris,27,Brianberg,"099 Martin Viaduct Suite 901 East Christinaville, OR 12053","099 Martin Viaduct Suite 901 East Christinaville, OR 12053",298
371,Brayden,Turner,33,East Kellybury,"6530 Megan Courts Port Williehaven, VI 12904","6530 Megan Courts Port Williehaven, VI 12904",13
372,Paisley,Jackson,35,Dunlapland,"541 Salas Springs Williamsport, ME 14337","541 Salas Springs Williamsport, ME 14337",321
373,Elias,Garcia,44,Stephaniefurt,"67548 Richard Turnpike East Daniel, WV 06170","123 Peter Motorway Suite 620 Port Brianna, OK 46468",153
374,Zoey,Williams,58,West Roberttown,"146 Paul Land Apt. 861 Kennethfurt, CT 30150","59356 Thompson Land Suite 814 Lake Davidton, MO 49734",238
375,Levi,Martinez,33,Christopherfurt,"6616 Danny Ports Suite 115 Ronaldport, IL 90637","6616 Danny Ports Suite 115 Ronaldport, IL 90637",163
376,Aubrey,Thompson,37,Jeffreymouth,"742 Dana Brook Lake Erica, NY 09315","742 Dana Brook Lake Erica, NY 09315",82
377,Hayden,Collins,49,Deanmouth,"060 Joseph Vista North Richardview, CO 35862","060 Joseph Vista North Richardview, CO 35862",50
378,London,King,46,Matthewburgh,"1921 Daniel Neck Suite 045 Anthonymouth, FL 25617","1921 Daniel Neck Suite 045 Anthonymouth, FL 25617",106
379,Ayden,Scott,26,North Danielle,"145 Kelly Cape Janicefort, FM 34684","145 Kelly Cape Janicefort, FM 34684",220
380,Madeline,Ramirez,27,Lisashire,"374 Suarez Square Suite 976 North Cathy, IL 54721","374 Suarez Square Suite 976 North Cathy, IL 54721",131
381,Dominic,Rodriguez,12,East Josephberg,"367 Beverly Dam Apt. 219 Michelleside, KY 36815","367 Beverly Dam Apt. 219 Michelleside, KY 36815",175
382,Zoe,Butler,29,Lake Christopher,"43698 Dwayne Wells Williamtown, MD 37410","43698 Dwayne Wells Williamtown, MD 37410",250
383,Parker,Hernandez,42,Port Jason,"30747 Kane Plaza Stephenport, OH 60069","30747 Kane Plaza Stephenport, OH 60069",130
384,Trinity,Turner,38,North George,"07550 Joseph Point Parkerton, VI 81180","07550 Joseph Point Parkerton, VI 81180",78
385,Joshua,Miller,37,Dudleystad,Unit 8401 Box 6125 DPO AP 87572,Unit 8401 Box 6125 DPO AP 87572,206
386,Maya,Williams,39,East Kristafurt,Unit 4387 Box 7962 DPO AE 99501,Unit 4387 Box 7962 DPO AE 99501,144
387,Colton,Smith,40,North Barbaraburgh,"79955 Sylvia Overpass West Patricia, PA 90171","79955 Sylvia Overpass West Patricia, PA 90171",29
388,Bella,Thompson,32,North Joshuachester,"99216 Andrea Shores Suite 605 Smithshire, MS 34218","99216 Andrea Shores Suite 605 Smithshire, MS 34218",179
389,Ashton,Davis,42,Rachelberg,"5432 Mora Dam North Jamesborough, MH 67421","5432 Mora Dam North Jamesborough, MH 67421",332
390,Savannah,Bennett,28,Moranstad,"0348 Aimee Extension Anthonymouth, CA 54057","0348 Aimee Extension Anthonymouth, CA 54057",262
391,Hudson,Carter,44,Jamesfurt,"189 Watson Junction Apt. 204 Deckermouth, MN 34294","189 Watson Junction Apt. 204 Deckermouth, MN 34294",327
392,Lily,Parker,37,Harrisonland,"4378 Anderson Ports Waltonfurt, IL 48034","4378 Anderson Ports Waltonfurt, IL 48034",114
393,Isaac,Thompson,57,Thomasmouth,"5833 Brian Pass Ronaldport, WI 40187","5833 Brian Pass Ronaldport, WI 40187",315
394,Aurora,Foster,28,Richardhaven,"4101 Jordan Orchard New Davidton, LA 07327","160 Michael Vista Beckbury, CT 88505",333
395,Owen,Mitchell,57,East James,Unit 3705 Box 1986 DPO AA 86269,Unit 3705 Box 1986 DPO AA 86269,274
396,Grace,Parker,18,West Marie,"38865 James Skyway Apt. 608 Port Jimchester, GU 46777","38865 James Skyway Apt. 608 Port Jimchester, GU 46777",152
397,Jonah,Sanchez,45,Jesseside,"86008 Timothy Canyon Ortizmouth, PA 99317","86008 Timothy Canyon Ortizmouth, PA 99317",52
398,Isla,Bennett,27,Edgarfurt,"08164 Lopez Turnpike Suite 599 Woodsport, NM 17081","08164 Lopez Turnpike Suite 599 Woodsport, NM 17081",203
399,Lincoln,Turner,39,Houstonside,Unit 9620 Box 7520 DPO AP 89258,Unit 9620 Box 7520 DPO AP 89258,86
400,Violet,Hayes,35,Allenshire,Unit 5849 Box 6142 DPO AE 44809,"4870 Howard Mountain East Williamton, SC 09635",90
401,Caleb,Campbell,35,Kerriland,"336 Edward Rest Suite 242 Angelaside, SC 25035","336 Edward Rest Suite 242 Angelaside, SC 25035",119
402,Scarlett,Foster,33,East Evan,"02267 Jensen Tunnel South Nathan, SD 77196","02267 Jensen Tunnel South Nathan, SD 77196",329
403,Brady,Roberts,31,Richardsonbury,"72917 Jessica Creek Apt. 429 Port John, AS 67353","72917 Jessica Creek Apt. 429 Port John, AS 67353",173
404,Hazel,Parker,50,New Rachel,"790 Mcdaniel Spur Hopkinstown, WV 23084","790 Mcdaniel Spur Hopkinstown, WV 23084",53
405,Colton,Turner,41,Lake Jason,"10805 Matthew Inlet Apt. 563 Flowersfurt, CT 12676","10805 Matthew Inlet Apt. 563 Flowersfurt, CT 12676",345
406,Nora,Ramirez,35,North Jeffreyhaven,"22143 Nicolas Grove East Cheryl, VA 75442","22143 Nicolas Grove East Cheryl, VA 75442",305
407,Ezra,Foster,38,North Samantha,"92597 Christina Mountain Sophiashire, LA 03338","92597 Christina Mountain Sophiashire, LA 03338",186
408,Audrey,Martinez,24,Alexistown,USNS Johnson FPO AP 07136,USNS Johnson FPO AP 07136,316
409,Tristan,Coleman,35,Port Nicholas,"10102 White Ferry Suite 913 Port Mariahaven, NC 97070","10102 White Ferry Suite 913 Port Mariahaven, NC 97070",246
410,Harper,Turner,41,West Crystal,"PSC 6533, Box 0136 APO AA 25149","PSC 6533, Box 0136 APO AA 25149",80
411,Nolan,Roberts,38,Rowlandberg,"6629 Debra Ports Suite 659 Lake Paigetown, ID 32182","6629 Debra Ports Suite 659 Lake Paigetown, ID 32182",26
412,Zoe,Henderson,17,Lanemouth,"230 Rebecca Locks Alexanderchester, WY 47917","230 Rebecca Locks Alexanderchester, WY 47917",126
413,Julian,Parker,33,East Curtis,"9004 Ariana Streets Apt. 942 Villegasberg, WI 61713","9004 Ariana Streets Apt. 942 Villegasberg, WI 61713",264
414,Penelope,Miller,32,Marcusfurt,"174 Tracy Lake Lake Nicholasside, ID 69638","174 Tracy Lake Lake Nicholasside, ID 69638",93
415,Jonah,Turner,36,Davisfurt,"2273 Macdonald Stream West Samuelfort, MI 35941","2273 Macdonald Stream West Samuelfort, MI 35941",269
416,Elena,Perez,42,Port Renee,"2267 Tammy Place West Roberthaven, KS 72081","2267 Tammy Place West Roberthaven, KS 72081",289
417,Carter,Bennett,39,East Richardmouth,"1606 Jennifer Ridge Suite 219 Sherrytown, MD 20853","1606 Jennifer Ridge Suite 219 Sherrytown, MD 20853",58
418,Paisley,Turner,45,North Madisonton,Unit 3175 Box 1469 DPO AP 09850,Unit 3175 Box 1469 DPO AP 09850,254
419,Everett,Hayes,31,Port Taraview,"009 Regina Forest North Lance, NC 62392","009 Regina Forest North Lance, NC 62392",254
420,Lila,Parker,34,Houseburgh,"109 Jeffrey Circles Josephmouth, PR 23180","109 Jeffrey Circles Josephmouth, PR 23180",221
421,Gabriel,Turner,36,South Davidbury,"575 Tara Garden Suite 793 Lake Sydneyland, MT 80966","575 Tara Garden Suite 793 Lake Sydneyland, MT 80966",210
422,Peyton,Bennett,48,Ricardoton,"6287 Smith Cliff Hickmanbury, FL 40640","6287 Smith Cliff Hickmanbury, FL 40640",159
423,Declan,Roberts,34,Hobbshaven,"2063 Roy Estates Port Nathanside, VI 47728","2063 Roy Estates Port Nathanside, VI 47728",132
424,Naomi,Turner,34,Watersmouth,"445 Jeremy Union Huntertown, MN 71668","445 Jeremy Union Huntertown, MN 71668",4
425,Elijah,Hayes,30,Lake Jonathantown,"14232 Mackenzie Station Apt. 573 East Peggy, MT 47509","14232 Mackenzie Station Apt. 573 East Peggy, MT 47509",49
426,Stella,Parker,26,North James,"5039 Thomas Spur Apt. 409 Lake Evelyn, PR 56990","5039 Thomas Spur Apt. 409 Lake Evelyn, PR 56990",41
427,Cole,Turner,45,East Hannahshire,USNV Hill FPO AP 30837,USNV Hill FPO AP 30837,119
428,Eliza,Bennett,41,South Lindaborough,"0241 Nathaniel Forge Apt. 239 New Daniel, TN 28415","0241 Nathaniel Forge Apt. 239 New Daniel, TN 28415",345
429,Xavier,Roberts,30,Barnettside,"915 Margaret Via South Kimberly, TX 08011","915 Margaret Via South Kimberly, TX 08011",15
430,Clara,Turner,60,Montgomeryborough,"896 Mike Turnpike Smithtown, NE 92072","896 Mike Turnpike Smithtown, NE 92072",210
431,Micah,Hayes,41,Anitamouth,"0988 Matthew Landing Apt. 380 Hernandezhaven, CT 63557","0988 Matthew Landing Apt. 380 Hernandezhaven, CT 63557",135
432,Maya,Parker,22,Davisborough,"937 James Crossroad Suite 292 Baileyfort, UT 31293","937 James Crossroad Suite 292 Baileyfort, UT 31293",230
433,Jaxon,Turner,35,Goodwinville,Unit 6737 Box 0549 DPO AA 91118,Unit 6737 Box 0549 DPO AA 91118,6
434,Ruby,Bennett,13,Davidbury,"829 Dennis Glens Pattersonchester, PA 54946","829 Dennis Glens Pattersonchester, PA 54946",265
435,Silas,Roberts,36,West Danielside,"02095 Morrison Track Lake Shawn, NM 30049","02095 Morrison Track Lake Shawn, NM 30049",119
436,Giselle,Turner,50,Hendersontown,"986 Mary Valleys Danielburgh, GA 26922","986 Mary Valleys Danielburgh, GA 26922",173
437,Atticus,Hayes,38,Mccarthystad,"150 Valentine Way Baxtertown, NJ 52147","150 Valentine Way Baxtertown, NJ 52147",22
438,Quinn,Parker,31,Johnsonshire,"26250 Michelle Mount Port Williamfurt, ME 33272","26250 Michelle Mount Port Williamfurt, ME 33272",7
439,Sullivan,Turner,43,Brianfort,"42396 Gloria Trail Apt. 383 Simonfort, CT 16005","42396 Gloria Trail Apt. 383 Simonfort, CT 16005",330
440,Phoebe,Bennett,37,Robinsonside,"630 Virginia Way Apt. 381 South Calvinview, FM 16559","630 Virginia Way Apt. 381 South Calvinview, FM 16559",155
441,Graham,Roberts,28,Nicholasburgh,"21746 Daniels Ferry Suite 032 Danielborough, MN 30244","21746 Daniels Ferry Suite 032 Danielborough, MN 30244",74
442,Bianca,Turner,28,Lewisburgh,Unit 2676 Box 8370 DPO AA 04015,Unit 2676 Box 8370 DPO AA 04015,324
443,Felix,Hayes,29,Berryborough,"40124 Mason Street Port Jessicaview, OR 05014","40124 Mason Street Port Jessicaview, OR 05014",203
444,Eden,Parker,29,Gonzalezton,Unit 2107 Box 2630 DPO AA 71027,Unit 2107 Box 2630 DPO AA 71027,206
445,Orion,Turner,38,Kendraview,"203 Whitney Branch Elizabethchester, IA 84423","203 Whitney Branch Elizabethchester, IA 84423",265
446,Gemma,Bennett,26,Sophiaburgh,"7354 Vickie Cliff Christophermouth, VT 87869","7354 Vickie Cliff Christophermouth, VT 87869",232
447,Rowan,Roberts,43,East David,"7266 Kenneth Islands Blackwellmouth, FM 09110","7266 Kenneth Islands Blackwellmouth, FM 09110",293
448,Marley,Turner,48,East Valerieton,"7115 Sims Lakes Apt. 395 Carrstad, MD 81450","7115 Sims Lakes Apt. 395 Carrstad, MD 81450",260
449,Levi,Hayes,22,Lake Heather,"916 Joshua Trail Apt. 400 North Sara, MT 84749","916 Joshua Trail Apt. 400 North Sara, MT 84749",105
450,Autumn,Parker,29,Port Shaun,"417 Smith Lake Suite 825 Lake Ann, IA 66403","417 Smith Lake Suite 825 Lake Ann, IA 66403",363
451,Atlas,Turner,39,New Shane,"757 Thompson Coves Apt. 592 Port Brettville, MS 00557","757 Thompson Coves Apt. 592 Port Brettville, MS 00557",239
452,Selah,Bennett,47,West Kevin,"834 Eric Islands Apt. 865 Lake Jasminfort, ID 80658","834 Eric Islands Apt. 865 Lake Jasminfort, ID 80658",73
453,Miles,Roberts,47,East Christopherport,"82600 Orozco Field West Martha, MD 24525","82600 Orozco Field West Martha, MD 24525",96
454,Mabel,Turner,11,South Heathermouth,"40042 Schmidt Extensions Apt. 110 Websterside, DC 73407","40042 Schmidt Extensions Apt. 110 Websterside, DC 73407",294
455,Ryder,Hayes,33,Carrollville,USNV Ellis FPO AP 94163,USNV Ellis FPO AP 94163,327
456,Cleo,Parker,39,Lake Brandon,"04895 Lewis Port Rileyshire, OR 91185","04895 Lewis Port Rileyshire, OR 91185",27
457,Caden,Turner,35,Drakeport,"62575 Martinez Freeway Apt. 594 Tyroneland, LA 96915","62575 Martinez Freeway Apt. 594 Tyroneland, LA 96915",210
458,Freya,Bennett,37,Parksport,"70930 Jefferson Centers Mariaburgh, IN 43235","70930 Jefferson Centers Mariaburgh, IN 43235",174
459,Jett,Roberts,27,East Mikeberg,"701 Brown Divide Suite 979 East Albert, SC 52067","701 Brown Divide Suite 979 East Albert, SC 52067",73
460,Thalia,Turner,28,East Anthony,"592 Carlos Track Apt. 942 North Alyssa, NC 96861","592 Carlos Track Apt. 942 North Alyssa, NC 96861",22
461,August,Hayes,48,South Amandatown,"026 Dixon Parkway Suite 745 Murphytown, LA 78231","026 Dixon Parkway Suite 745 Murphytown, LA 78231",36
462,Juniper,Parker,30,Robinsonville,"486 Gregory Villages Suite 099 East Adam, RI 48424","486 Gregory Villages Suite 099 East Adam, RI 48424",300
463,Phoenix,Turner,48,Fullerstad,"866 David Estate Apt. 224 South Tiffany, SD 48706","866 David Estate Apt. 224 South Tiffany, SD 48706",350
464,Elodie,Bennett,35,East Regina,"83490 Murphy Highway Yolandamouth, CT 16961","83490 Murphy Highway Yolandamouth, CT 16961",236
465,Ronan,Roberts,40,New Preston,"927 Benjamin Ford South Robertland, SD 72363","927 Benjamin Ford South Robertland, SD 72363",221
466,Wren,Turner,38,Dyerchester,"5621 David Forges Suite 557 South Autumn, OK 57846","5621 David Forges Suite 557 South Autumn, OK 57846",266
467,Solomon,Hayes,45,Rowemouth,"64935 Glenn Harbor Apt. 519 Port Isaiah, NE 72525","64935 Glenn Harbor Apt. 519 Port Isaiah, NE 72525",229
468,Magnolia,Parker,28,Benjaminport,Unit 8400 Box 4397 DPO AE 54860,Unit 8400 Box 4397 DPO AE 54860,338
469,Zephyr,Turner,29,Port Tiffany,"74112 Williams Crescent Suite 813 Port Madeline, AK 58733","74112 Williams Crescent Suite 813 Port Madeline, AK 58733",285
470,Amara,Bennett,21,Arroyohaven,USNV Collins FPO AE 42175,USNV Collins FPO AE 42175,150
471,Paxton,Roberts,26,Gordonstad,"0136 Sharp Forges Suite 953 Port Stevenhaven, UT 56046","0136 Sharp Forges Suite 953 Port Stevenhaven, UT 56046",160
472,Vienna,Turner,19,Dannymouth,"505 Weaver Glens West Alexischester, PR 11057","505 Weaver Glens West Alexischester, PR 11057",233
473,Cassius,Hayes,35,West Clayton,"8439 Cervantes Springs Wardburgh, MA 03582","8439 Cervantes Springs Wardburgh, MA 03582",22
474,Seraphina,Parker,45,Margaretmouth,"46043 Davila Roads Apt. 422 North Sheilaberg, KS 11535","46043 Davila Roads Apt. 422 North Sheilaberg, KS 11535",335
475,Zara,Turner,42,New Daniel,"189 Cory Mission Apt. 889 Loribury, MH 34614","189 Cory Mission Apt. 889 Loribury, MH 34614",95
476,Daxton,Bennett,33,East Davidview,"637 Kelly Lock Suite 326 Gonzalezton, WV 79848","637 Kelly Lock Suite 326 Gonzalezton, WV 79848",310
477,Saoirse,Roberts,30,North Jennifer,"8292 Wilson Plaza North Jacobmouth, MN 38440","8292 Wilson Plaza North Jacobmouth, MN 38440",246
478,Linnea,Turner,29,East Jamesfurt,"66010 Arthur Alley Apt. 424 North Kendra, OR 09439","66010 Arthur Alley Apt. 424 North Kendra, OR 09439",199
479,Ronin,Hayes,24,Port Susan,"561 Lewis Pass Markmouth, MD 72013","561 Lewis Pass Markmouth, MD 72013",88
480,Leona,Parker,38,New Russellmouth,"25406 Becker Views Suite 216 South Joyce, OH 10214","25406 Becker Views Suite 216 South Joyce, OH 10214",55
481,Demetrius,Turner,32,West Catherineland,"63959 Watson Center Ariasstad, WA 93919","63959 Watson Center Ariasstad, WA 93919",113
482,Thaddeus,Bennett,48,Martinezside,"130 Tristan Fork Suite 216 South Kellyfort, WI 56727","130 Tristan Fork Suite 216 South Kellyfort, WI 56727",284
483,Serenity,Roberts,51,East Brandi,"531 Hanna Fields Apt. 654 West Michelestad, PA 73516","531 Hanna Fields Apt. 654 West Michelestad, PA 73516",83
484,Lachlan,Turner,33,Karenville,"2588 Anthony Forks Suite 183 Spencerborough, CO 73456","51481 Kristy Row Bellmouth, MS 70272",114
485,Noelle,Hayes,32,East Haleybury,"83019 Wyatt Light Apt. 570 East Josephhaven, MD 88495","83019 Wyatt Light Apt. 570 East Josephhaven, MD 88495",171
486,Maximus,Parker,24,Jeffreyfort,"18029 Soto Route Suite 619 South Johnport, IA 88579","18029 Soto Route Suite 619 South Johnport, IA 88579",305
487,Clementine,Turner,41,New Angelastad,"031 Barker Extensions Apt. 058 Davisberg, HI 71242","031 Barker Extensions Apt. 058 Davisberg, HI 71242",118
488,Nico,Bennett,19,New Jamieton,"77758 Lawson Manor New Ashleystad, MI 75535","77758 Lawson Manor New Ashleystad, MI 75535",213
489,Mira,Roberts,36,Laurenside,"35074 Carrie Port Port Mariamouth, VA 51007","35074 Carrie Port Port Mariamouth, VA 51007",167
490,Landon,Hayes,44,Ortizmouth,"438 Marcus Branch South Juliehaven, KS 73710","438 Marcus Branch South Juliehaven, KS 73710",349
491,Adelaide,Turner,33,Lynchbury,"891 Day Plains Suite 313 Port Amyhaven, MT 41291","891 Day Plains Suite 313 Port Amyhaven, MT 41291",67
492,Kieran,Parker,54,Gregoryville,"3005 Malone Spur Allenfort, NE 57240","3005 Malone Spur Allenfort, NE 57240",144
493,Winter,Turner,27,Lisaberg,"5548 Henderson Stream Suite 638 South Christopher, FL 10709","5548 Henderson Stream Suite 638 South Christopher, FL 10709",222
494,Ansel,Bennett,54,Lynnstad,"696 Allison Passage North Marymouth, KS 25139","696 Allison Passage North Marymouth, KS 25139",229
495,Cecilia,Roberts,35,Wrightchester,"73253 Melissa Courts East Charles, FL 93377","73253 Melissa Courts East Charles, FL 93377",307
496,Preston,Hayes,53,Davisbury,"983 Emily Glen Proctorchester, NJ 69039","983 Emily Glen Proctorchester, NJ 69039",119
497,Isolde,Parker,21,Bradfordburgh,"902 Vang Spurs Suite 983 Jenniferberg, IA 26318","902 Vang Spurs Suite 983 Jenniferberg, IA 26318",193
498,Hugo,Turner,33,Andrewburgh,"2125 Tammy Prairie Jonestown, UT 70140","2125 Tammy Prairie Jonestown, UT 70140",65
499,Thalia,Bennett,34,Robertburgh,"6966 Evans Forks Apt. 665 Ryanville, NE 25812","6966 Evans Forks Apt. 665 Ryanville, NE 25812",49
500,Finnegan,Roberts,21,Port Patrickfort,"04910 Galvan Divide Suite 063 West Robertstad, NE 00945","04910 Galvan Divide Suite 063 West Robertstad, NE 00945",143
501,Ember,Hayes,47,Port Stanleyport,"3451 Rogers Path Farleychester, WI 33664","3451 Rogers Path Farleychester, WI 33664",148
502,Cosette,Parker,42,South Richard,"049 Wiley Drive Port Sheila, NM 63836","049 Wiley Drive Port Sheila, NM 63836",61
503,Caspian,Turner,37,New Adam,"33215 Douglas Mountain Suite 855 South Carol, MI 04344","33215 Douglas Mountain Suite 855 South Carol, MI 04344",75
504,Ophelia,Bennett,31,Anthonyfort,"324 Kyle Forges Josephland, NJ 72802","41243 Tammy Parkway Suite 082 Lake Jeremyland, DE 37703",190
505,Apollo,Roberts,23,Port Sherylchester,"4334 Padilla Streets Apt. 713 Mariahshire, MA 45783","4334 Padilla Streets Apt. 713 Mariahshire, MA 45783",13
506,Delaney,Hayes,48,Ericstad,"85751 Kylie Stravenue Kingmouth, MH 08753","85751 Kylie Stravenue Kingmouth, MH 08753",131
507,Evander,Parker,46,New Gregory,"662 Lee Path Suite 072 Jamesport, CO 22713","662 Lee Path Suite 072 Jamesport, CO 22713",338
508,Seraphine,Turner,15,Castrofort,"289 Miller Ports Suite 336 Wrightberg, NH 01147","289 Miller Ports Suite 336 Wrightberg, NH 01147",338
509,Sterling,Bennett,20,Ortegabury,"71114 Espinoza Locks Davidtown, OH 33625","71114 Espinoza Locks Davidtown, OH 33625",354
510,Evangeline,Roberts,40,Lake Pamelafort,"85879 Boyd Throughway Apt. 752 New Nicolebury, FM 43465","112 Richard Prairie Apt. 674 East Ronaldborough, VT 89120",97
511,Ronin,Hayes,34,Christopherland,"96782 Roberson Shore Apt. 322 Johnsonton, DC 80742","96782 Roberson Shore Apt. 322 Johnsonton, DC 80742",113
512,Livia,Parker,36,New Patrick,"1527 Yolanda Shoals New Ann, TX 87288","1527 Yolanda Shoals New Ann, TX 87288",43
513,Kellan,Turner,37,New Ivan,"35432 Andrew Junction Apt. 460 Adamberg, WV 50516","35432 Andrew Junction Apt. 460 Adamberg, WV 50516",29
514,Octavia,Bennett,40,Austinville,"26906 William Rue Camposfort, AZ 52454","8848 Russell Highway Lake Daleburgh, OR 93877",91
515,Maximilian,Roberts,48,Rhondafurt,"745 Stevenson Knolls Apt. 105 Millermouth, ID 56105","745 Stevenson Knolls Apt. 105 Millermouth, ID 56105",263
516,Evie,Hayes,39,Morganbury,"638 Mcclure Dam Apt. 115 Crossfort, AS 23778","638 Mcclure Dam Apt. 115 Crossfort, AS 23778",132
517,Atticus,Parker,40,New Olivialand,"0477 Hull Gateway West Keithstad, PW 39168","0477 Hull Gateway West Keithstad, PW 39168",221
518,Juno,Turner,44,West Chadstad,"4728 Weeks Mission Suite 851 New Jay, OK 22634","4728 Weeks Mission Suite 851 New Jay, OK 22634",235
519,Alaric,Bennett,26,Jeffreyhaven,"195 Grant Turnpike Suite 848 South Richard, MP 34042","195 Grant Turnpike Suite 848 South Richard, MP 34042",16
520,Calliope,Roberts,30,Lake Matthew,"56957 Peck Glens Apt. 034 New Seanberg, KY 43289","56957 Peck Glens Apt. 034 New Seanberg, KY 43289",260
521,Xander,Hayes,55,East Emily,"PSC 8548, Box 6175 APO AA 62564","0526 Pennington Lock Michaelside, FL 54240",216
522,Gwendolyn,Parker,35,West Thomas,"5243 Dawn Ports Thomasburgh, OR 60311","5243 Dawn Ports Thomasburgh, OR 60311",125
523,Remy,Turner,26,Lisaton,"64646 Sarah Glens West Brittany, SC 43930","64646 Sarah Glens West Brittany, SC 43930",334
524,Serenity,Bennett,32,South Sherry,"9030 Morgan Fords Monicafurt, VI 31810","9030 Morgan Fords Monicafurt, VI 31810",88
525,Malachi,Roberts,34,Christopherton,"4896 Michael Mountains Apt. 665 East Dianechester, MP 37163","35077 Oneal Lane Suite 349 Lake Garychester, MS 58032",80
526,Seraphina,Hayes,23,Hamiltonborough,"4117 Russell Gardens Apt. 853 Robertoside, MI 93070","326 Craig Estates Suite 663 Freemanburgh, SC 71407",52
527,Thea,Parker,35,Dillontown,"28185 Barbara Plain Apt. 379 Lake Amandabury, AS 87846","28185 Barbara Plain Apt. 379 Lake Amandabury, AS 87846",153
528,Zephyr,Turner,35,Jessicatown,"18662 Earl Ports New James, VA 88321","18662 Earl Ports New James, VA 88321",86
529,Lucian,Bennett,31,Port Brandi,"61312 Daniel Mall Apt. 214 Deborahside, WY 39649","61312 Daniel Mall Apt. 214 Deborahside, WY 39649",231
530,Cordelia,Roberts,17,Lake Lisa,"26780 Jennifer Hills Villarrealchester, OR 34872","26780 Jennifer Hills Villarrealchester, OR 34872",127
531,Thaddeus,Hayes,45,Thomasmouth,USS Brandt FPO AP 90014,USS Brandt FPO AP 90014,170
532,Octavia,Parker,31,Zamoratown,"455 Hudson Cliffs Port William, PR 18037","455 Hudson Cliffs Port William, PR 18037",259
533,Leonidas,Turner,27,Port Jamestown,"155 Shelton Plain Suite 278 New Michael, FL 71532","155 Shelton Plain Suite 278 New Michael, FL 71532",283
534,Celia,Bennett,27,Carpenterport,"668 Parks Square Apt. 311 Murphychester, VI 34064","668 Parks Square Apt. 311 Murphychester, VI 34064",188
535,Aurelius,Roberts,28,South Ashleyberg,"432 Veronica Locks Apt. 725 Perezton, WA 81264","977 Jimenez Lock Brendaview, MO 12022",59
536,Ginevra,Hayes,26,East Jamestown,"0779 Ann Road North Sheilatown, TX 30855","0779 Ann Road North Sheilatown, TX 30855",189
537,Magnus,Parker,26,East Crystal,"2931 Malik Light New Matthewton, AS 79371","2931 Malik Light New Matthewton, AS 79371",260
538,Dahlia,Turner,48,North Matthewfort,"75872 Melanie Rapids New Michael, SD 98381","75872 Melanie Rapids New Michael, SD 98381",30
539,Rylan,Bennett,35,East Maria,"5044 Rodriguez Roads East Codymouth, NY 97825","5044 Rodriguez Roads East Codymouth, NY 97825",7
540,Anais,Roberts,27,Douglasmouth,"449 Kevin Plains Valerieland, FL 06296","449 Kevin Plains Valerieland, FL 06296",74
541,Calix,Hayes,29,Wintersfort,"973 Brianna Track Suite 462 Lake Douglashaven, AR 79135","973 Brianna Track Suite 462 Lake Douglashaven, AR 79135",117
542,Esme,Parker,56,Joannechester,"0289 Cook Spurs Ericton, FL 69691","0289 Cook Spurs Ericton, FL 69691",23
543,Kai,Turner,49,Bennettburgh,"3065 Reed Port East Gregoryfurt, TN 76106","3065 Reed Port East Gregoryfurt, TN 76106",185
544,Leilani,Bennett,30,South Leah,"7603 Christina Motorway West Hannahhaven, GA 62392","7603 Christina Motorway West Hannahhaven, GA 62392",157
545,Lucius,Roberts,21,Briannaland,"682 Christopher Orchard New Jenniferville, NH 60574","682 Christopher Orchard New Jenniferville, NH 60574",337
546,Galen,Hayes,32,North Rose,"22584 Angela Dale Apt. 551 Paulport, VI 89473","22584 Angela Dale Apt. 551 Paulport, VI 89473",149
547,Soren,Parker,33,Lake Andreaville,USNV Mcguire FPO AA 33763,USNV Mcguire FPO AA 33763,365
548,Elara,Turner,38,Washingtonmouth,"74961 Nicole Groves Johnbury, OK 24129","74961 Nicole Groves Johnbury, OK 24129",325
549,Rafael,Bennett,41,Stoneberg,"737 James Ramp Edwinmouth, GU 65128","737 James Ramp Edwinmouth, GU 65128",29
550,Isolde,Roberts,41,Lake Garyfort,"8646 Hubbard Valley Lindsayburgh, ID 49438","8646 Hubbard Valley Lindsayburgh, ID 49438",107
551,Cassian,Hayes,35,New Mitchelltown,"9521 Keller Track Apt. 279 Schwartzmouth, CA 59683","9521 Keller Track Apt. 279 Schwartzmouth, CA 59683",320
552,Leona,Parker,32,New Eileenport,"01284 Scott Radial Suite 039 Jacksontown, TN 24416","01284 Scott Radial Suite 039 Jacksontown, TN 24416",277
553,Zane,Turner,23,East Jacquelineton,"0209 Richard Island Apt. 487 Smithburgh, WV 80546","0209 Richard Island Apt. 487 Smithburgh, WV 80546",362
554,Freya,Bennett,30,West Toddchester,"290 Curtis Centers Apt. 198 Port Kathleenborough, FL 83226","290 Curtis Centers Apt. 198 Port Kathleenborough, FL 83226",31
555,Orion,Roberts,46,East Denisemouth,"5977 James Orchard Apt. 299 Jenniferport, MA 37750","5977 James Orchard Apt. 299 Jenniferport, MA 37750",160
556,Esmeralda,Hayes,29,South Christopherland,"917 Petersen Roads Apt. 764 New Tara, KS 13008","917 Petersen Roads Apt. 764 New Tara, KS 13008",88
557,Briar,Parker,27,Dawnland,"4645 Megan Inlet Spenceton, NY 91455","4645 Megan Inlet Spenceton, NY 91455",78
558,Dante,Turner,28,Conwaytown,"58175 Stephanie Knolls Moniqueville, VT 43806","58175 Stephanie Knolls Moniqueville, VT 43806",247
559,Valencia,Bennett,33,Leehaven,"7210 John Isle Apt. 134 Port Kathleenberg, OH 40489","7210 John Isle Apt. 134 Port Kathleenberg, OH 40489",248
560,Casimir,Roberts,34,Schwartzfort,"850 Green Mountain North Pattymouth, SD 47955","850 Green Mountain North Pattymouth, SD 47955",46
561,Calista,Hayes,46,Lake Amandaborough,USNS Atkinson FPO AP 50862,USNS Atkinson FPO AP 50862,333
562,Allegra,Parker,25,Kathrynmouth,"245 Bailey Center West Chris, NH 46589","245 Bailey Center West Chris, NH 46589",204
563,Corbin,Turner,39,New Bobby,"242 Robert Manors Apt. 724 Port Teresaside, CO 18651","242 Robert Manors Apt. 724 Port Teresaside, CO 18651",170
564,Celeste,Bennett,34,New Robertmouth,"1277 Jerry Spring Stewartmouth, DC 05008","1277 Jerry Spring Stewartmouth, DC 05008",28
565,Darius,Roberts,20,North Sarah,"83701 Potter Cove North Emilyside, WV 03500","831 Jones Pine Steventon, VT 60870",343
566,Octavia,Hayes,53,East Jessica,"9255 Sanchez Mountain Apt. 105 Bobbychester, WA 31061","9255 Sanchez Mountain Apt. 105 Bobbychester, WA 31061",346
567,Phoenix,Parker,35,Leetown,"349 Caldwell Green Apt. 118 Port Wayne, IL 21437","349 Caldwell Green Apt. 118 Port Wayne, IL 21437",141
568,Cassius,Turner,49,Mcgeefort,"346 Osborne Loop South Jamesfurt, VI 65158","745 Pamela Freeway New Nicoleport, NV 25285",358
569,Odessa,Bennett,35,Port Lisaborough,"71660 Ellen Pines East Diamondton, DC 83064","71660 Ellen Pines East Diamondton, DC 83064",173
570,Lucian,Roberts,27,Pecktown,"33638 Bailey Port Apt. 205 West Stephaniebury, PR 65731","33638 Bailey Port Apt. 205 West Stephaniebury, PR 65731",345
571,Lyra,Hayes,28,Moralesland,"00655 Matthew Valley Suite 662 Miguelview, MO 02436","00655 Matthew Valley Suite 662 Miguelview, MO 02436",209
572,Orion,Parker,43,Shawnchester,"1020 Martinez Glens Mccarthyhaven, PW 15710","1020 Martinez Glens Mccarthyhaven, PW 15710",288
573,Rowan,Turner,48,Deanville,Unit 3445 Box 2888 DPO AA 94406,Unit 3445 Box 2888 DPO AA 94406,218
574,Alessia,Bennett,42,Lake Catherinetown,"3810 Carter Spurs Donnachester, NY 11281","3810 Carter Spurs Donnachester, NY 11281",171
575,Cassian,Roberts,28,North Jorgeborough,"533 Cross Locks North Geraldstad, FL 63462","533 Cross Locks North Geraldstad, FL 63462",3
576,Isadora,Hayes,37,South Joshuachester,USNS Frazier FPO AA 31438,USNS Frazier FPO AA 31438,275
577,Orion,Parker,33,West Jessica,"11579 James Forges Apt. 957 South Brandy, KY 29998","698 Liu Mall Apt. 228 Lake Marisa, CA 23734",226
578,Callista,Turner,52,Lake Jasonshire,USCGC King FPO AP 21748,USCGC King FPO AP 21748,71
579,Sylvie,Bennett,41,New Sarahbury,"696 Rodriguez Courts Suite 744 South Christopher, AR 71690","696 Rodriguez Courts Suite 744 South Christopher, AR 71690",217
580,Emrys,Roberts,35,Andrewmouth,"84716 Conner Passage Apt. 879 Alexchester, DE 65674","84716 Conner Passage Apt. 879 Alexchester, DE 65674",311
581,Calypso,Hayes,39,Lake Douglasmouth,"6409 Courtney Prairie New Julie, KS 03227","6409 Courtney Prairie New Julie, KS 03227",209
582,Adeline,Parker,39,Johnsonhaven,"407 Guerrero Views Apt. 161 South Melinda, VT 06191","407 Guerrero Views Apt. 161 South Melinda, VT 06191",68
583,Ronan,Turner,28,Hintonberg,"7245 Scott Lake Johnland, GU 15662","7245 Scott Lake Johnland, GU 15662",163
584,Thalia,Bennett,36,Lake Samuel,"48851 James Prairie Port Raytown, PW 20378","48851 James Prairie Port Raytown, PW 20378",64
585,Silas,Roberts,28,Acevedochester,"35412 Jackson Throughway Suite 903 Lake Jennifer, NE 86176","35412 Jackson Throughway Suite 903 Lake Jennifer, NE 86176",246
586,Evadne,Hayes,30,Lake Rebeccamouth,"57079 Brown Mill Taylorberg, AL 83592","57079 Brown Mill Taylorberg, AL 83592",360
587,Cosima,Parker,38,East Virginiaberg,"32163 Rebecca Row Apt. 012 East Richardtown, DE 85988","32163 Rebecca Row Apt. 012 East Richardtown, DE 85988",270
588,Orion,Turner,44,North Courtneymouth,"PSC 7759, Box 9198 APO AE 65543","PSC 7759, Box 9198 APO AE 65543",325
589,Lyra,Bennett,47,Davismouth,"723 Simpson Haven Apt. 349 North Geraldview, MP 39776","723 Simpson Haven Apt. 349 North Geraldview, MP 39776",41
590,Caspian,Roberts,36,South Cassandra,Unit 5734 Box 0449 DPO AP 72395,Unit 5734 Box 0449 DPO AP 72395,222
591,Leocadia,Hayes,37,East Dawnbury,"42331 Nicholas Plains North Tiffanyville, NY 99173","42331 Nicholas Plains North Tiffanyville, NY 99173",122
592,Alessandro,Parker,39,North Katelyn,"985 Harvey Forges Ericaborough, IA 19780","985 Harvey Forges Ericaborough, IA 19780",118
593,Artemis,Turner,29,Mcdowellfurt,"6941 Young Vista Suite 918 Jaymouth, OR 97039","6941 Young Vista Suite 918 Jaymouth, OR 97039",302
594,Seraphina,Bennett,27,Romeroside,"400 Tucker Centers Suite 112 New Judithview, OK 44702","400 Tucker Centers Suite 112 New Judithview, OK 44702",83
595,Caius,Roberts,40,East Erik,"232 Bennett Ports East Margaretmouth, CT 19602","232 Bennett Ports East Margaretmouth, CT 19602",306
596,Ondine,Hayes,20,Warnerburgh,"28827 Mccann Ranch Apt. 566 North Stephanie, NV 28262","28827 Mccann Ranch Apt. 566 North Stephanie, NV 28262",216
597,Lysander,Parker,26,East Benjaminfort,"3978 Larsen Street West Sandrachester, MI 98918","3978 Larsen Street West Sandrachester, MI 98918",168
598,Elowen,Turner,45,Dianeshire,USCGC Medina FPO AA 86844,USCGC Medina FPO AA 86844,156
599,Thalia,Bennett,48,East Bradley,"9085 Carrie Shores Martinezfort, CT 66141","9085 Carrie Shores Martinezfort, CT 66141",349
